{
	"partitions" : [
		{
			"name" : "Top",
			"pins" : [
				{
					"name" : "s1[0]",
					"strict" : false
				},
				{
					"name" : "s1[1]",
					"strict" : false
				},
				{
					"name" : "s1[2]",
					"strict" : false
				},
				{
					"name" : "s1[3]",
					"strict" : false
				},
				{
					"name" : "s1[4]",
					"strict" : false
				},
				{
					"name" : "s1[5]",
					"strict" : false
				},
				{
					"name" : "s1[6]",
					"strict" : false
				},
				{
					"name" : "s1[7]",
					"strict" : false
				},
				{
					"name" : "s2",
					"strict" : false
				},
				{
					"name" : "err",
					"strict" : false
				},
				{
					"name" : "a[0]",
					"strict" : false
				},
				{
					"name" : "a[1]",
					"strict" : false
				},
				{
					"name" : "a[3]",
					"strict" : false
				},
				{
					"name" : "a[5]",
					"strict" : false
				},
				{
					"name" : "a[7]",
					"strict" : false
				},
				{
					"name" : "a[11]",
					"strict" : false
				},
				{
					"name" : "a[9]",
					"strict" : false
				},
				{
					"name" : "a[2]",
					"strict" : false
				},
				{
					"name" : "a[6]",
					"strict" : false
				},
				{
					"name" : "a[10]",
					"strict" : false
				},
				{
					"name" : "a[8]",
					"strict" : false
				},
				{
					"name" : "a[4]",
					"strict" : false
				},
				{
					"name" : "en",
					"strict" : false
				}
			]
		}
	]
}